Status,FirstName,LastName,PhoneNumber,Email,Gender,Age,Street1,City,State,ZipCode
clean,Benjamin,Wilson,(313) 224-5731,wilson.benjamin@yahoo.com,M,28,Katella Avenue,Tallahassee,West Virginia,78235
clean,Ulysses,Ford,(366) 224-6324,ford.ulysses@outlook.com,M,42,South Roosevelt Drive,Montpelier,Missouri,40363
clean,Lyndon,Lincoln,(398) 745-6526,lincoln.lyndon@outlook.com,F,88,East 1st Street,Annapolis,North Dakota,34635
clean,Franklin,Monroe,(768) 137-7196,monroe.franklin@yahoo.com,M,22,Lawrenceville Suwanee,Nashville,Mississippi,88254
clean,Harry,McKinley,(829) 151-6636,mckinley.harry@gmail.com,F,79,Burnett Road,Indianapolis,Alaska,31311
clean,Thomas,Quincy,(363) 942-9136,quincy.thomas@outlook.com,M,58,Timberlane Drive,Atlanta,Ohio,84052
clean,Benjamin,Harrison,(184) 412-5070,harrison.benjamin@gmail.com,F,89,Grandview Drive,Frankfort,Rhode Island,63846
clean,Calvin,Roosevelt,(433) 877-3723,roosevelt.calvin@yahoo.com,M,43,Cleveland Ave.,Atlanta,Ohio,67048
clean,Andrew,Van Buren,(726) 541-9255,vanburen.andrew@hotmail.com,F,53,Santa Rosa South,Hartford,Maryland,38155
clean,Richard,Johnson,(970) 419-2314,johnson.richard@yahoo.co.in,M,29,Carpinteria South,Hartford,Tennessee,74709
clean,Rutherford,Hoover,(931) 603-6415,hoover.rutherford@yahoo.co.in,M,90,East Fry Blvd.,Columbia,Georgia,91971
clean,Ronald,Fillmore,(759) 885-8070,fillmore.ronald@yahoo.co.in,M,75,N Harrison St,Concord,Washington,42662
clean,John,Ford,(470) 256-1433,ford.john@outlook.com,F,98,South Highway,Boston,New York,61898
clean,Jimmy,Eisenhower,(542) 876-5352,eisenhower.jimmy@yahoo.co.in,M,84,Grandview Drive,Raleigh,New Hampshire,44842
clean,Ulysses,Taft,(592) 690-6560,taft.ulysses@hotmail.com,M,33,San Luis Obispo North,Annapolis,Wyoming,86275
clean,Calvin,Arthur,(142) 644-4441,arthur.calvin@gmail.com,M,68,East 1st Street,Harrisburg,Georgia,45678
clean,Chester,Adams,,adams.chester@gmail.com,F,55,Milpas Street,Pierre,Delaware,39751
clean,Abraham,Washington,(317) 611-9010,washington.abraham@outlook.com,M,97,Fontaine Road,Salt Lake City,Massachusetts,26594
clean,Theodore,Monroe,(136) 125-5551,monroe.theodore@yahoo.co.in,M,97,North Preisker Lane,Carson City,Virginia,81651
clean,Theodore,Ford,(248) 395-4719,ford.theodore@outlook.com,F,86,Corona Del Mar,Dover,Maryland,53304
clean,Calvin,Arthur,(297) 616-9300,arthur.calvin@hotmail.com,M,43,San Luis Obispo North,Lansing,Delaware,22529
clean,Harry,Roosevelt,(832) 447-6243,roosevelt.harry@hotmail.com,M,97,Carpinteria North,Boston,Wisconsin,13013
clean,Woodrow,Cleveland,(589) 235-7922,cleveland.woodrow@gmail.com,M,60,Timberlane Drive,Harrisburg,New York,49512
clean,Franklin,Wilson,(746) 477-7106,wilson.franklin@yahoo.com,F,83,North Erringer Road,Atlanta,Tennessee,15984
clean,Gerald,Nixon,(228) 936-7528,nixon.gerald@gmail.com,F,47,Timberlane Drive,Austin,Indiana,45553
clean,Woodrow,Adams,(839) 641-9496,adams.woodrow@yahoo.com,M,24,Jean de la Fontaine,Annapolis,Massachusetts,24051
clean,James,Harrison,(414) 383-8866,harrison.james@outlook.com,F,89,N Kentwood,Charleston,New Jersey,90589
clean,Bill,Van Buren,(433) 644-5530,vanburen.bill@gmail.com,F,81,Bailard Avenue,Salt Lake City,New Jersey,28510
clean,James,Van Buren,(597) 486-1872,vanburen.james@outlook.com,F,86,East Fry Blvd.,Richmond,Florida,32681
clean,Thomas,Van Buren,(729) 849-1491,vanburen.thomas@hotmail.com,M,21,Monroe Street,Little Rock,Maryland,95708
clean,Martin,McKinley,(690) 720-2681,mckinley.martin@hotmail.com,F,99,Lawrenceville Suwanee,Jefferson City,Colorado,20069
clean,Franklin,Harrison,(597) 298-6921,harrison.franklin@yahoo.com,F,36,Cleveland Ave.,Richmond,New York,30685
clean,Jimmy,Fillmore,(415) 986-6791,fillmore.jimmy@outlook.com,F,30,Bowles Avenue,Salem,Oregon,57415
clean,Chester,Washington,,washington.chester@hotmail.com,M,77,Grandview Drive,Annapolis,Oregon,32940
clean,Warren,Coolidge,(612) 585-7847,coolidge.warren@yahoo.co.in,F,24,Cleveland Ave.,Little Rock,Kansas,13440
clean,Richard,Carter,(363) 871-6841,carter.richard@yahoo.com,F,36,Santa Rosa North,Albany,Georgia,44847
clean,Benjamin,Roosevelt,(793) 556-6450,roosevelt.benjamin@yahoo.com,F,37,S Rustle St,Phoenix,North Carolina,62828
clean,Gerald,Roosevelt,(156) 572-1211,roosevelt.gerald@gmail.com,M,73,North Broadway Street,Juneau,Delaware,33620
clean,William,Jackson,(208) 708-7503,jackson.william@outlook.com,F,54,East Fry Blvd.,Columbia,California,92592
clean,Thomas,Adams,(101) 175-9435,adams.thomas@yahoo.com,F,80,Moreno Drive,Annapolis,Maine,24206
clean,Harry,Adams,(369) 511-4535,adams.harry@yahoo.com,M,25,Moreno Drive,Jackson,Rhode Island,30924
clean,Jimmy,Adams,(615) 456-5199,adams.jimmy@gmail.com,M,82,W. Russell St.,Providence,New York,24179
clean,Gerald,Taft,(425) 536-8572,taft.gerald@outlook.com,F,29,Newbury Road,Concord,South Carolina,76110
clean,Gerald,Adams,(389) 168-2192,adams.gerald@outlook.com,M,24,North Ventu Park Road,Austin,Connecticut,97061
clean,Benjamin,Monroe,(128) 766-4039,monroe.benjamin@gmail.com,F,36,Jean de la Fontaine,Charleston,Virginia,14296
clean,Theodore,Johnson,(152) 720-7018,johnson.theodore@yahoo.co.in,F,28,Santa Ana Freeway,Lansing,Nevada,14225
clean,John,Roosevelt,(872) 197-7188,roosevelt.john@gmail.com,F,91,Westside Freeway,Oklahoma City,North Dakota,39940
clean,Lyndon,Madison,(479) 429-2600,madison.lyndon@outlook.com,F,95,Grandview Drive,Lincoln,Iowa,58634
clean,Thomas,Roosevelt,(925) 670-8034,roosevelt.thomas@gmail.com,M,50,Grandview Drive,Tallahassee,Illinois,87360
clean,Calvin,Reagan,(980) 313-1910,reagan.calvin@yahoo.co.in,F,91,Tully Road East,Richmond,Kentucky,66307
clean,Grover,Wilson,,wilson.grover@gmail.com,M,84,S Rustle St,Salt Lake City,Florida,23514
clean,Richard,Reagan,(390) 152-2730,reagan.richard@hotmail.com,M,75,Santa Ana Freeway,Little Rock,Wisconsin,95597
clean,Jimmy,Harrison,(593) 732-1317,harrison.jimmy@gmail.com,F,29,East Calle Primera,Dover,Idaho,30016
clean,Chester,Polk,(710) 196-8691,polk.chester@gmail.com,F,88,Lindbergh Blvd,Montpelier,Massachusetts,99244
clean,Herbert,Roosevelt,(665) 262-8038,roosevelt.herbert@hotmail.com,M,92,Carpinteria North,Honolulu,Illinois,49718
clean,Grover,Tyler,(226) 249-4407,tyler.grover@hotmail.com,F,28,Cleveland Ave.,Raleigh,Missouri,39462
clean,Benjamin,Roosevelt,(475) 936-8386,roosevelt.benjamin@yahoo.com,F,76,Cleveland Ave.,Tallahassee,New York,89916
clean,Ulysses,Hayes,(970) 966-3165,hayes.ulysses@yahoo.co.in,F,92,North Ventu Park Road,Lincoln,North Carolina,32293
clean,Millard,Coolidge,(107) 842-5978,coolidge.millard@gmail.com,M,58,Tully Road East,Dover,Rhode Island,38229
clean,James,Garfield,(416) 989-2084,garfield.james@yahoo.com,M,53,Cabrillo Highway,Providence,Illinois,67243
clean,Benjamin,Kennedy,(864) 544-5417,kennedy.benjamin@yahoo.co.in,M,84,N Kentwood,Jefferson City,Iowa,13964
clean,Thomas,Grant,(691) 975-1973,grant.thomas@hotmail.com,F,65,Burnett Road,Columbia,Michigan,88573
clean,Benjamin,Monroe,(819) 923-8476,monroe.benjamin@outlook.com,M,86,North Atherton Street,Oklahoma City,Alabama,13946
clean,Gerald,Coolidge,(501) 671-3893,coolidge.gerald@hotmail.com,M,31,Harbor Dr,Salem,Florida,12239
clean,Chester,Adams,(988) 925-8364,adams.chester@yahoo.co.in,M,77,Greenwood Road,Richmond,Maryland,50795
clean,Martin,Nixon,(536) 600-6216,nixon.martin@yahoo.co.in,F,52,W. Russell St.,Providence,Missouri,31691
clean,Grover,Roosevelt,(306) 676-3907,roosevelt.grover@hotmail.com,F,78,Fontaine Road,Albany,Idaho,56717
clean,Bill,Roosevelt,,roosevelt.bill@yahoo.com,F,98,W. Russell St.,Salt Lake City,Michigan,70005
clean,Woodrow,Pierce,(594) 585-3739,pierce.woodrow@hotmail.com,M,67,San Luis Obispo North,Columbia,Indiana,92609
clean,Bill,Roosevelt,(277) 534-5304,roosevelt.bill@outlook.com,F,92,San Diego Freeway,Atlanta,Washington,42880
clean,William,Jefferson,(339) 391-6928,jefferson.william@yahoo.com,M,98,North Preisker Lane,Oklahoma City,Oregon,82951
clean,Millard,Madison,(139) 670-4411,madison.millard@yahoo.co.in,M,75,Lawrenceville Suwanee,Phoenix,Kansas,17906
clean,Gerald,Nixon,(328) 562-4194,nixon.gerald@outlook.com,M,67,Newbury Road,Lansing,Missouri,80346
clean,Chester,Truman,(791) 182-3700,truman.chester@outlook.com,F,95,W. Russell St.,Topeka,Maryland,12581
clean,Bill,Roosevelt,(276) 970-9613,roosevelt.bill@outlook.com,M,80,Santa Ana Freeway,Juneau,Pennsylvania,16453
clean,William,Kennedy,(857) 997-4812,kennedy.william@outlook.com,M,59,Bayshore Freeway,Indianapolis,South Carolina,44451
clean,Thomas,Adams,(200) 818-6578,adams.thomas@outlook.com,M,82,S Rustle St,Augusta,Maine,18374
clean,Rutherford,Buchanan,(999) 681-8804,buchanan.rutherford@gmail.com,M,61,Corona Del Mar,Bismarck,New Mexico,87120
clean,Bill,Garfield,(978) 647-6957,garfield.bill@outlook.com,M,48,Jones Road,Phoenix,Ohio,39060
clean,Theodore,Buchanan,(485) 316-4705,buchanan.theodore@hotmail.com,M,23,Santa Monica Road,Honolulu,Rhode Island,84576
clean,Ronald,Clinton,(988) 850-5697,clinton.ronald@yahoo.co.in,M,60,Westside Freeway,Providence,Indiana,11525
clean,Jimmy,Cleveland,(979) 193-9296,cleveland.jimmy@gmail.com,M,89,North Erringer Road,Springfield,New York,88864
clean,Jimmy,McKinley,(940) 381-2204,mckinley.jimmy@yahoo.com,F,26,Bayshore Freeway,Juneau,Connecticut,11737
clean,Jimmy,Eisenhower,(574) 914-5604,eisenhower.jimmy@outlook.com,M,89,Carpinteria South,Denver,Arizona,90389
clean,Calvin,Harrison,,harrison.calvin@outlook.com,F,17,East Calle Primera,Concord,Iowa,48455
clean,James,Hoover,(220) 831-2184,hoover.james@hotmail.com,F,89,Padre Boulevard,Hartford,South Dakota,72717
clean,Millard,Van Buren,(640) 908-6322,vanburen.millard@yahoo.co.in,M,81,Carpinteria South,Saint Paul,Hawaii,23412
clean,James,Kennedy,(747) 643-2244,kennedy.james@gmail.com,M,35,Newbury Road,Montpelier,Pennsylvania,44677
clean,Calvin,Hayes,(612) 277-1473,hayes.calvin@outlook.com,M,18,Castillo Drive,Pierre,Illinois,77497
clean,John,Hoover,(910) 919-4551,hoover.john@gmail.com,F,36,Lindbergh Blvd,Springfield,Washington,37346
clean,Andrew,Clinton,(759) 738-3767,clinton.andrew@gmail.com,F,62,South Highway,Pierre,Utah,47063
clean,Herbert,Jackson,(970) 779-3384,jackson.herbert@hotmail.com,F,71,Bowles Avenue,Little Rock,South Dakota,57791
clean,Herbert,Hoover,(636) 609-5805,hoover.herbert@outlook.com,F,19,East Calle Primera,Richmond,Alaska,54528
clean,Dwight,Ford,(277) 491-6023,ford.dwight@yahoo.com,M,45,Steele Lane,Oklahoma City,Delaware,31771
clean,Thomas,Jefferson,(846) 121-9963,jefferson.thomas@gmail.com,F,21,Harry S Truman Blvd,Austin,Minnesota,82569
clean,Franklin,Jackson,(481) 678-5483,jackson.franklin@hotmail.com,F,76,South Roosevelt Drive,Denver,New York,21876
clean,Millard,Monroe,(731) 820-6889,monroe.millard@outlook.com,F,61,Monroe Street,Indianapolis,Maine,20133
clean,Gerald,Roosevelt,(300) 483-6835,roosevelt.gerald@outlook.com,M,50,Carpinteria South,Harrisburg,Rhode Island,53500
clean,William,Reagan,(716) 947-1530,reagan.william@gmail.com,M,77,Tanger Blvd,Jefferson City,Alabama,54739
clean,Millard,Reagan,(243) 271-3058,reagan.millard@yahoo.co.in,M,22,San Marcos,Raleigh,Virginia,96395
