Grover,Carter,(329) 840-5720,carter.grover@yahoo.co.in,F,40,Cerrillos Road,Annapolis,Rhode Island,12045
Grover,Carter,(140) 849-2132,carter.grover@yahoo.co.in,F,100,Tully Road East,Hartford,Rhode Island,58573
Millard,Grant,(937) 775-4152,grant.millard@yahoo.com,F,33,East Calle Primera,Boston,California,16483
Richard,Grant,,grant.richard@hotmail.com,F,37,East Calle Primera,Jackson,California,21885
Bill,Nixon,(624) 578-4987,nixon.bill@yahoo.com,M,28,Cabrillo Highway,Charleston,Michigan,15753
Bill,Nixon,(406) 993-6042,nixon.bill@yahoo.com,F,98,South Highway,Albany,Michigan,92428
Gerald,Hayes,(321) 218-8767,hayes.gerald@yahoo.com,M,39,Cerrillos Road,Jefferson City,Pennsylvania,47741
Gerald,Hayes,(103) 738-7331,hayes.gerald@outlook.com,F,82,Cerrillos Road,Topeka,Pennsylvania,13567
Bill,Johnson,(729) 344-7684,johnson.bill@hotmail.com,F,29,San Luis Obispo North,Santa Fe,Pennsylvania,60051
William,Johnson,(495) 190-9015,johnson.william@yahoo.co.in,F,44,San Luis Obispo North,Lansing,Pennsylvania,77057
Benjamin,Adams,(379) 356-9639,adams.benjamin@yahoo.com,M,80,San Luis Obispo North,Salem,New Jersey,72480
Bill,Adams,(799) 487-5206,adams.bill@yahoo.co.in,F,73,San Luis Obispo North,Juneau,New Jersey,92397
Lyndon,Cleveland,(119) 391-7937,cleveland.lyndon@yahoo.com,F,84,Harry S Truman Blvd,Helena,New Jersey,77829
Lyndon,Cleveland,(651) 205-9642,cleveland.lyndon@outlook.com,M,59,Monroe Street,Helena,New Jersey,52768
Bill,Buchanan,(239) 514-1385,buchanan.bill@yahoo.com,M,45,Bayshore Freeway,Trenton,New Mexico,63515
Bill,Buchanan,(340) 433-3643,buchanan.bill@hotmail.com,M,91,South Highway,Raleigh,New Mexico,95301
Richard,Eisenhower,(873) 179-5649,eisenhower.richard@hotmail.com,M,56,Santa Monica Road,Olympia,New Mexico,15344
Richard,Eisenhower,(869) 410-7926,eisenhower.richard@hotmail.com,F,23,South Roosevelt Drive,Denver,New Mexico,74544
Dwight,Buchanan,(181) 383-3963,buchanan.dwight@gmail.com,M,97,Cleveland Ave.,Sacramento,Virginia,26405
Dwight,Truman,(120) 181-3094,truman.dwight@gmail.com,F,39,Cleveland Ave.,Sacramento,Virginia,60965
Chester,Quincy,(891) 216-6095,quincy.chester@outlook.com,F,44,Corona Del Mar,Salt Lake City,Vermont,24375
Chester,Quincy,(998) 341-4466,quincy.chester@yahoo.com,M,83,San Ysidro Blvd,Salt Lake City,Vermont,17342
Calvin,Hoover,(841) 821-1267,hoover.calvin@gmail.com,F,86,North Atherton Street,Charleston,Vermont,15211
Calvin,Hoover,(776) 153-5331,hoover.calvin@gmail.com,F,99,North Broadway Street,Lansing,Vermont,16129
Dwight,Clinton,(614) 263-4559,clinton.dwight@hotmail.com,F,85,South Highway,Denver,Tennessee,59528
Dwight,Reagan,(732) 790-8994,reagan.dwight@yahoo.co.in,F,48,South Highway,Denver,Tennessee,25025
George,Coolidge,(884) 610-3502,coolidge.george@outlook.com,F,79,Corona Del Mar,Atlanta,Tennessee,52957
George,Hoover,(762) 503-6215,hoover.george@yahoo.com,M,66,Corona Del Mar,Annapolis,Tennessee,78757
Martin,Hayes,(988) 577-8542,hayes.martin@yahoo.co.in,M,83,Bowles Avenue,Montpelier,North Carolina,88408
Martin,Hayes,(407) 353-6228,hayes.martin@hotmail.com,M,47,Carpinteria Avenue,Carson City,North Carolina,56905
Franklin,Harrison,(366) 145-2104,harrison.franklin@gmail.com,F,82,French Camp Turnpike Road,Honolulu,North Carolina,90242
Franklin,Harrison,(966) 231-3456,harrison.franklin@gmail.com,F,68,Jones Road,Albany,North Carolina,68651
Lyndon,Polk,(627) 199-2674,polk.lyndon@hotmail.com,M,28,Carpinteria Avenue,Trenton,North Carolina,46313
Lyndon,Polk,(360) 714-4600,polk.lyndon@outlook.com,F,41,Moreno Drive,Madison,North Carolina,55144
Bill,Tyler,(866) 294-6308,tyler.bill@gmail.com,F,19,South Highway,Boise,South Carolina,42581
Bill,Tyler,,tyler.bill@outlook.com,F,57,Timberlane Drive,Topeka,South Carolina,99871
Harry,Quincy,(664) 289-4380,quincy.harry@yahoo.com,F,59,San Marcos,Salem,South Carolina,74439
Harry,Quincy,(900) 610-7546,quincy.harry@hotmail.com,F,55,Santa Ana Freeway,Topeka,South Carolina,71338
Dwight,Johnson,(244) 428-1114,johnson.dwight@hotmail.com,M,40,Milpas Street,Olympia,South Carolina,56759
Dwight,Johnson,(400) 454-4167,johnson.dwight@yahoo.co.in,M,69,San Marcos,Lincoln,South Carolina,79542
Harry,Buchanan,(113) 241-9081,buchanan.harry@gmail.com,F,37,Harbor Dr,Pierre,South Carolina,79690
Martin,Buchanan,(929) 946-7322,buchanan.martin@yahoo.co.in,M,31,Harbor Dr,Springfield,South Carolina,73160
Martin,Adams,,adams.martin@gmail.com,M,23,Richmond Hill,Frankfort,West Virginia,95774
Martin,Adams,(137) 680-3082,adams.martin@hotmail.com,M,26,Santa Monica Road,Richmond,West Virginia,28410
Gerald,Adams,(416) 903-6653,adams.gerald@hotmail.com,F,75,Carpinteria North,Salt Lake City,West Virginia,61543
Ronald,Adams,(342) 649-4767,adams.ronald@gmail.com,F,54,Jones Road,Salt Lake City,West Virginia,82083
Harry,Harrison,(844) 840-7848,harrison.harry@yahoo.com,M,38,Richmond Hill,Denver,Missouri,44039
Harry,Hayes,,hayes.harry@yahoo.com,F,20,Richmond Hill,Indianapolis,Missouri,79967
Bill,Adams,(468) 641-8578,adams.bill@gmail.com,M,80,East 1st Street,Frankfort,Nevada,24081
Bill,Adams,(402) 517-5799,adams.bill@yahoo.co.in,M,75,San Diego Freeway,Frankfort,Nevada,15075
James,Hayes,(287) 882-8257,hayes.james@gmail.com,F,48,Westside Freeway,Boston,New York,33316
James,Hayes,(501) 505-5648,hayes.james@yahoo.co.in,M,47,Woodson Rd.,Jackson,New York,65782
Bill,Harding,(660) 533-8553,harding.bill@hotmail.com,F,20,Tanger Blvd,Annapolis,South Dakota,63823
Bill,Harrison,(316) 611-2426,harrison.bill@gmail.com,F,98,Katella Avenue,Annapolis,South Dakota,90502
Millard,Truman,(523) 722-5922,truman.millard@yahoo.com,M,75,East 1st Street,Helena,Florida,55773
Millard,Truman,,truman.millard@yahoo.co.in,M,62,East Calle Primera,Helena,Florida,19095
Ronald,Tyler,(303) 388-6025,tyler.ronald@outlook.com,M,74,San Simeon,Cheyenne,Florida,17509
Ronald,Tyler,(287) 508-8878,tyler.ronald@outlook.com,M,64,Tanger Blvd,Cheyenne,Florida,18318
Theodore,Roosevelt,(220) 820-5093,roosevelt.theodore@gmail.com,M,97,Castillo Drive,Cheyenne,New Hampshire,16059
Theodore,Roosevelt,(248) 729-2101,roosevelt.theodore@hotmail.com,M,66,Cerrillos Road,Annapolis,New Hampshire,49132
Richard,Adams,(727) 784-4200,adams.richard@yahoo.co.in,F,40,San Luis Obispo North,Augusta,Illinois,40290
Richard,Harrison,(481) 675-2566,harrison.richard@hotmail.com,F,71,San Luis Obispo North,Tallahassee,Illinois,58282
Rutherford,Adams,(503) 936-8643,adams.rutherford@yahoo.com,F,29,San Luis Obispo North,Cheyenne,Ohio,68798
Theodore,Adams,(536) 337-5205,adams.theodore@yahoo.com,M,90,San Luis Obispo North,Helena,Ohio,40618
Theodore,Pierce,(242) 510-6521,pierce.theodore@yahoo.co.in,M,75,Cerrillos Road,Atlanta,Ohio,76789
Theodore,Pierce,(513) 538-6638,pierce.theodore@yahoo.com,F,39,Erringer Road,Jackson,Ohio,88548
George,Harrison,,harrison.george@hotmail.com,F,36,Hutchinson Rd,Sacramento,Oklahoma,86718
Grover,Harrison,(896) 321-4844,harrison.grover@outlook.com,M,87,Hutchinson Rd,Nashville,Oklahoma,74030
Chester,Harding,(362) 410-6598,harding.chester@outlook.com,M,56,Harry S Truman Blvd,Nashville,Utah,63379
Chester,Jackson,(619) 708-7372,jackson.chester@hotmail.com,F,40,Harry S Truman Blvd,Frankfort,Utah,79069
Martin,Hoover,,hoover.martin@yahoo.co.in,F,39,San Ysidro Blvd,Topeka,Utah,88216
Martin,Roosevelt,(251) 876-5138,roosevelt.martin@yahoo.co.in,F,46,San Ysidro Blvd,Frankfort,Utah,42844
James,Harding,(973) 225-4895,harding.james@outlook.com,F,68,San Marcos,Indianapolis,Utah,48479
James,Madison,(343) 178-2719,madison.james@yahoo.com,F,74,San Marcos,Concord,Utah,30006
Benjamin,Jefferson,(847) 888-4830,jefferson.benjamin@yahoo.co.in,M,87,South Highway,Nashville,Arkansas,19012
Benjamin,Reagan,(485) 795-9579,reagan.benjamin@yahoo.com,M,28,South Highway,Nashville,Arkansas,32594
Benjamin,Eisenhower,(405) 147-6598,eisenhower.benjamin@hotmail.com,F,94,S Rustle St,Trenton,North Dakota,85704
Benjamin,Eisenhower,(375) 722-1195,eisenhower.benjamin@outlook.com,F,18,W. Russell St.,Phoenix,North Dakota,31314
