true,Grover,Carter,(329) 840-5720,carter.grover@yahoo.co.in,F,40,Cerrillos Road,Annapolis,Rhode Island,12045,3703dc87-21a2-46ff-8599-555d982a743f
false,Grover,Carter,(140) 849-2132,carter.grover@yahoo.co.in,F,100,Tully Road East,Hartford,Rhode Island,58573,3703dc87-21a2-46ff-8599-555d982a743f
true,Millard,Grant,(937) 775-4152,grant.millard@yahoo.com,F,33,East Calle Primera,Boston,California,16483,14f0b346-6063-4a4e-83e4-81c0c2072949
false,Richard,Grant,,grant.richard@hotmail.com,F,37,East Calle Primera,Jackson,California,21885,14f0b346-6063-4a4e-83e4-81c0c2072949
true,Bill,Nixon,(624) 578-4987,nixon.bill@yahoo.com,M,28,Cabrillo Highway,Charleston,Michigan,15753,9147c55f-4e27-42e2-8517-16fd0cb38a1f
false,Bill,Nixon,(406) 993-6042,nixon.bill@yahoo.com,F,98,South Highway,Albany,Michigan,92428,9147c55f-4e27-42e2-8517-16fd0cb38a1f
true,Bill,Johnson,(729) 344-7684,johnson.bill@hotmail.com,F,29,San Luis Obispo North,Santa Fe,Pennsylvania,60051,49bec1c2-0358-4da3-8786-aa5a4d9fa38e
false,William,Johnson,(495) 190-9015,johnson.william@yahoo.co.in,F,44,San Luis Obispo North,Lansing,Pennsylvania,77057,49bec1c2-0358-4da3-8786-aa5a4d9fa38e
true,Gerald,Hayes,(321) 218-8767,hayes.gerald@yahoo.com,M,39,Cerrillos Road,Jefferson City,Pennsylvania,47741,bf1d47a4-2fa7-4e77-9835-b4903dd810d7
false,Gerald,Hayes,(103) 738-7331,hayes.gerald@outlook.com,F,82,Cerrillos Road,Topeka,Pennsylvania,13567,bf1d47a4-2fa7-4e77-9835-b4903dd810d7
true,Benjamin,Adams,(379) 356-9639,adams.benjamin@yahoo.com,M,80,San Luis Obispo North,Salem,New Jersey,72480,b811e43d-933d-45d1-8b08-c3751a83337e
false,Bill,Adams,(799) 487-5206,adams.bill@yahoo.co.in,F,73,San Luis Obispo North,Juneau,New Jersey,92397,b811e43d-933d-45d1-8b08-c3751a83337e
true,Lyndon,Cleveland,(119) 391-7937,cleveland.lyndon@yahoo.com,F,84,Harry S Truman Blvd,Helena,New Jersey,77829,c5193957-964a-4dd4-b7c3-e9f323f72a29
false,Lyndon,Cleveland,(651) 205-9642,cleveland.lyndon@outlook.com,M,59,Monroe Street,Helena,New Jersey,52768,c5193957-964a-4dd4-b7c3-e9f323f72a29
true,Bill,Buchanan,(239) 514-1385,buchanan.bill@yahoo.com,M,45,Bayshore Freeway,Trenton,New Mexico,63515,64c976d9-e28e-4425-b669-964c2515e968
false,Bill,Buchanan,(340) 433-3643,buchanan.bill@hotmail.com,M,91,South Highway,Raleigh,New Mexico,95301,64c976d9-e28e-4425-b669-964c2515e968
true,Richard,Eisenhower,(873) 179-5649,eisenhower.richard@hotmail.com,M,56,Santa Monica Road,Olympia,New Mexico,15344,f67557ba-9b0b-41c4-a67f-b9070edae539
false,Richard,Eisenhower,(869) 410-7926,eisenhower.richard@hotmail.com,F,23,South Roosevelt Drive,Denver,New Mexico,74544,f67557ba-9b0b-41c4-a67f-b9070edae539
true,Dwight,Buchanan,(181) 383-3963,buchanan.dwight@gmail.com,M,97,Cleveland Ave.,Sacramento,Virginia,26405,285e0007-db92-459d-aa69-e5db24579762
false,Dwight,Truman,(120) 181-3094,truman.dwight@gmail.com,F,39,Cleveland Ave.,Sacramento,Virginia,60965,285e0007-db92-459d-aa69-e5db24579762
true,Chester,Quincy,(891) 216-6095,quincy.chester@outlook.com,F,44,Corona Del Mar,Salt Lake City,Vermont,24375,4349f38a-93f2-4f5e-b921-1d3690d0e6e7
false,Chester,Quincy,(998) 341-4466,quincy.chester@yahoo.com,M,83,San Ysidro Blvd,Salt Lake City,Vermont,17342,4349f38a-93f2-4f5e-b921-1d3690d0e6e7
true,Calvin,Hoover,(841) 821-1267,hoover.calvin@gmail.com,F,86,North Atherton Street,Charleston,Vermont,15211,cd55a6f0-6eab-4ee5-af26-95c8f45b985c
false,Calvin,Hoover,(776) 153-5331,hoover.calvin@gmail.com,F,99,North Broadway Street,Lansing,Vermont,16129,cd55a6f0-6eab-4ee5-af26-95c8f45b985c
true,Dwight,Clinton,(614) 263-4559,clinton.dwight@hotmail.com,F,85,South Highway,Denver,Tennessee,59528,119acfae-c195-4689-aaa1-78c4a6f59f36
false,Dwight,Reagan,(732) 790-8994,reagan.dwight@yahoo.co.in,F,48,South Highway,Denver,Tennessee,25025,119acfae-c195-4689-aaa1-78c4a6f59f36
true,George,Coolidge,(884) 610-3502,coolidge.george@outlook.com,F,79,Corona Del Mar,Atlanta,Tennessee,52957,5caaa7fd-ec18-4a31-b90d-7c00fdbed783
false,George,Hoover,(762) 503-6215,hoover.george@yahoo.com,M,66,Corona Del Mar,Annapolis,Tennessee,78757,5caaa7fd-ec18-4a31-b90d-7c00fdbed783
true,Martin,Hayes,(988) 577-8542,hayes.martin@yahoo.co.in,M,83,Bowles Avenue,Montpelier,North Carolina,88408,142572e0-6f4d-41bd-a68f-0f6f895ae4a1
false,Martin,Hayes,(407) 353-6228,hayes.martin@hotmail.com,M,47,Carpinteria Avenue,Carson City,North Carolina,56905,142572e0-6f4d-41bd-a68f-0f6f895ae4a1
true,Franklin,Harrison,(366) 145-2104,harrison.franklin@gmail.com,F,82,French Camp Turnpike Road,Honolulu,North Carolina,90242,3eefc393-9ee8-483b-a9c2-051f680c9f4c
false,Franklin,Harrison,(966) 231-3456,harrison.franklin@gmail.com,F,68,Jones Road,Albany,North Carolina,68651,3eefc393-9ee8-483b-a9c2-051f680c9f4c
true,Lyndon,Polk,(627) 199-2674,polk.lyndon@hotmail.com,M,28,Carpinteria Avenue,Trenton,North Carolina,46313,8485d54c-67be-4a39-933d-45a9bd216c67
false,Lyndon,Polk,(360) 714-4600,polk.lyndon@outlook.com,F,41,Moreno Drive,Madison,North Carolina,55144,8485d54c-67be-4a39-933d-45a9bd216c67
true,Harry,Quincy,(664) 289-4380,quincy.harry@yahoo.com,F,59,San Marcos,Salem,South Carolina,74439,0becdbc6-66f2-43e1-9ead-a538685bcd0d
false,Harry,Quincy,(900) 610-7546,quincy.harry@hotmail.com,F,55,Santa Ana Freeway,Topeka,South Carolina,71338,0becdbc6-66f2-43e1-9ead-a538685bcd0d
true,Dwight,Johnson,(244) 428-1114,johnson.dwight@hotmail.com,M,40,Milpas Street,Olympia,South Carolina,56759,71c91ca8-8ec3-4493-874f-e2ade677dd27
false,Dwight,Johnson,(400) 454-4167,johnson.dwight@yahoo.co.in,M,69,San Marcos,Lincoln,South Carolina,79542,71c91ca8-8ec3-4493-874f-e2ade677dd27
true,Harry,Buchanan,(113) 241-9081,buchanan.harry@gmail.com,F,37,Harbor Dr,Pierre,South Carolina,79690,d996b107-0678-47dd-b011-cc4199a750af
false,Martin,Buchanan,(929) 946-7322,buchanan.martin@yahoo.co.in,M,31,Harbor Dr,Springfield,South Carolina,73160,d996b107-0678-47dd-b011-cc4199a750af
true,Bill,Tyler,(866) 294-6308,tyler.bill@gmail.com,F,19,South Highway,Boise,South Carolina,42581,e355ec2a-b4da-4041-b18a-690b62561ec8
false,Bill,Tyler,,tyler.bill@outlook.com,F,57,Timberlane Drive,Topeka,South Carolina,99871,e355ec2a-b4da-4041-b18a-690b62561ec8
true,Gerald,Adams,(416) 903-6653,adams.gerald@hotmail.com,F,75,Carpinteria North,Salt Lake City,West Virginia,61543,1bd5f480-767e-4f98-9613-0c57dedaef18
false,Ronald,Adams,(342) 649-4767,adams.ronald@gmail.com,F,54,Jones Road,Salt Lake City,West Virginia,82083,1bd5f480-767e-4f98-9613-0c57dedaef18
true,Martin,Adams,,adams.martin@gmail.com,M,23,Richmond Hill,Frankfort,West Virginia,95774,6886fa9c-4db3-4d37-9068-f1a71b908562
false,Martin,Adams,(137) 680-3082,adams.martin@hotmail.com,M,26,Santa Monica Road,Richmond,West Virginia,28410,6886fa9c-4db3-4d37-9068-f1a71b908562
true,Harry,Harrison,(844) 840-7848,harrison.harry@yahoo.com,M,38,Richmond Hill,Denver,Missouri,44039,eef20354-3af4-4fdf-a384-4c89565dabf2
false,Harry,Hayes,,hayes.harry@yahoo.com,F,20,Richmond Hill,Indianapolis,Missouri,79967,eef20354-3af4-4fdf-a384-4c89565dabf2
true,Bill,Adams,(468) 641-8578,adams.bill@gmail.com,M,80,East 1st Street,Frankfort,Nevada,24081,22e32e37-ffa2-49af-baa3-8ca803480781
false,Bill,Adams,(402) 517-5799,adams.bill@yahoo.co.in,M,75,San Diego Freeway,Frankfort,Nevada,15075,22e32e37-ffa2-49af-baa3-8ca803480781
true,James,Hayes,(287) 882-8257,hayes.james@gmail.com,F,48,Westside Freeway,Boston,New York,33316,4380fa74-7e4d-4276-96c8-95c5480d4efd
false,James,Hayes,(501) 505-5648,hayes.james@yahoo.co.in,M,47,Woodson Rd.,Jackson,New York,65782,4380fa74-7e4d-4276-96c8-95c5480d4efd
true,Bill,Harding,(660) 533-8553,harding.bill@hotmail.com,F,20,Tanger Blvd,Annapolis,South Dakota,63823,c177ced3-2b38-4e84-875b-8937a2c9c698
false,Bill,Harrison,(316) 611-2426,harrison.bill@gmail.com,F,98,Katella Avenue,Annapolis,South Dakota,90502,c177ced3-2b38-4e84-875b-8937a2c9c698
true,Millard,Truman,(523) 722-5922,truman.millard@yahoo.com,M,75,East 1st Street,Helena,Florida,55773,ab2e8e34-0ffc-4f00-ba72-21a34cccb695
false,Millard,Truman,,truman.millard@yahoo.co.in,M,62,East Calle Primera,Helena,Florida,19095,ab2e8e34-0ffc-4f00-ba72-21a34cccb695
true,Ronald,Tyler,(303) 388-6025,tyler.ronald@outlook.com,M,74,San Simeon,Cheyenne,Florida,17509,f627a433-4050-4c4b-b59e-9a1161b54b67
false,Ronald,Tyler,(287) 508-8878,tyler.ronald@outlook.com,M,64,Tanger Blvd,Cheyenne,Florida,18318,f627a433-4050-4c4b-b59e-9a1161b54b67
true,Theodore,Roosevelt,(220) 820-5093,roosevelt.theodore@gmail.com,M,97,Castillo Drive,Cheyenne,New Hampshire,16059,29ceedcb-7c38-4ce1-956d-3c44c743d2e5
false,Theodore,Roosevelt,(248) 729-2101,roosevelt.theodore@hotmail.com,M,66,Cerrillos Road,Annapolis,New Hampshire,49132,29ceedcb-7c38-4ce1-956d-3c44c743d2e5
true,Richard,Adams,(727) 784-4200,adams.richard@yahoo.co.in,F,40,San Luis Obispo North,Augusta,Illinois,40290,27586ed5-3367-4605-b383-eda5bebf000c
false,Richard,Harrison,(481) 675-2566,harrison.richard@hotmail.com,F,71,San Luis Obispo North,Tallahassee,Illinois,58282,27586ed5-3367-4605-b383-eda5bebf000c
true,Theodore,Pierce,(242) 510-6521,pierce.theodore@yahoo.co.in,M,75,Cerrillos Road,Atlanta,Ohio,76789,15c1a929-3c86-4c9b-9ee3-0690242d35d3
false,Theodore,Pierce,(513) 538-6638,pierce.theodore@yahoo.com,F,39,Erringer Road,Jackson,Ohio,88548,15c1a929-3c86-4c9b-9ee3-0690242d35d3
true,Rutherford,Adams,(503) 936-8643,adams.rutherford@yahoo.com,F,29,San Luis Obispo North,Cheyenne,Ohio,68798,fabc6a56-7f8b-4287-8cea-2b988a03f3db
false,Theodore,Adams,(536) 337-5205,adams.theodore@yahoo.com,M,90,San Luis Obispo North,Helena,Ohio,40618,fabc6a56-7f8b-4287-8cea-2b988a03f3db
true,George,Harrison,,harrison.george@hotmail.com,F,36,Hutchinson Rd,Sacramento,Oklahoma,86718,f02e2a34-f3fd-427c-aaa6-8806fe5cc1b8
false,Grover,Harrison,(896) 321-4844,harrison.grover@outlook.com,M,87,Hutchinson Rd,Nashville,Oklahoma,74030,f02e2a34-f3fd-427c-aaa6-8806fe5cc1b8
true,Chester,Harding,(362) 410-6598,harding.chester@outlook.com,M,56,Harry S Truman Blvd,Nashville,Utah,63379,0cd9d331-5cde-4333-b45e-e8fe5ed3f4a1
false,Chester,Jackson,(619) 708-7372,jackson.chester@hotmail.com,F,40,Harry S Truman Blvd,Frankfort,Utah,79069,0cd9d331-5cde-4333-b45e-e8fe5ed3f4a1
true,James,Harding,(973) 225-4895,harding.james@outlook.com,F,68,San Marcos,Indianapolis,Utah,48479,c4f91775-6010-4329-9659-c2e301212750
false,James,Madison,(343) 178-2719,madison.james@yahoo.com,F,74,San Marcos,Concord,Utah,30006,c4f91775-6010-4329-9659-c2e301212750
true,Martin,Hoover,,hoover.martin@yahoo.co.in,F,39,San Ysidro Blvd,Topeka,Utah,88216,f3068711-22c7-4456-a128-d9e18cd9453a
false,Martin,Roosevelt,(251) 876-5138,roosevelt.martin@yahoo.co.in,F,46,San Ysidro Blvd,Frankfort,Utah,42844,f3068711-22c7-4456-a128-d9e18cd9453a
true,Benjamin,Jefferson,(847) 888-4830,jefferson.benjamin@yahoo.co.in,M,87,South Highway,Nashville,Arkansas,19012,4bc53e3b-0049-40c9-a201-defdf456a98d
false,Benjamin,Reagan,(485) 795-9579,reagan.benjamin@yahoo.com,M,28,South Highway,Nashville,Arkansas,32594,4bc53e3b-0049-40c9-a201-defdf456a98d
true,Benjamin,Eisenhower,(405) 147-6598,eisenhower.benjamin@hotmail.com,F,94,S Rustle St,Trenton,North Dakota,85704,75e09bda-ba0f-4aed-9663-4cee0547ff69
false,Benjamin,Eisenhower,(375) 722-1195,eisenhower.benjamin@outlook.com,F,18,W. Russell St.,Phoenix,North Dakota,31314,75e09bda-ba0f-4aed-9663-4cee0547ff69
